42161-865-0xfa4d3e88b6a3ac110f8a9bc79a0ac63d7cb2fb41884f4f65bb5261892a070953,The Forus,0.0036932646515696393
42161-865-0x37bfa7d0eca13f7845180c78a4b7958bf99d02f25037f8903af7982dc3ea1f47,LexClinic [alpha-to-beta],0.003425988920206047
42161-865-0xbe81c3716fb87ffc8f50493a99df7cded36513388f6cb9f68524a27c6a4b4bf6,Abundance Protocol,0.002915735251239189
42161-865-0x4461dd764ba9de1c4559972250f43ecac0e0bc9893c6629b1687177470c1aa72,Open to the Public,0.0042278161142968234
42161-865-0xfb5966e66536dceb70d9155ffa266855110a7001723c5887fb2fa9f4aeee5919,paynet,0.0021139080571484117
42161-865-0x3cae7aa84706f7032f4757311bcf2e2c632fc1383e5e0250e6a7ae599e8c2bc0,Circuitscan,0.003960540382933231
42161-865-0x0e0b13f694f97590467a2d91226f5988483002690d6d305e89920ef632bbe9b8,Commit-Boost,0.0050296433083876005
42161-865-0xc4cac08995f60881deb1df63b29636a67b9d0cc809c34b1138a80ae3f0749746,Pairwise: Empower your community with smarter voting.,0.004495091845660416
42161-865-0x0192fd72d195ccf37dc79750b830ac24b9b3ba5fd602286e90fd7e53122cd565,EIP.Tools,0.0031587131888424548
42161-865-0x9119659eb8173b32bb4423f83702ee30c1e1db49ae0c07b00263bf3ea7f4d4ef,Deep Funding,0.0026484595198755967
42161-865-0x809200832ea46d32a4f95f94e73fc6d2cfa75d449db5a8b2cef2420e8d73144d,WYT Network ,0.0015793565944212274
42161-865-0xe826b1a26848a3c370bf02021a95b6acf6786256f31238a1defe323bb50360af,Contract Level,0.002381183788512004
42161-865-0xcc36baaf526f6e98b69c8290cf3df258f3f7bf68292ab2143edc678f9ed0ce6e,q/acc-  Quadratic Accelerator,0.004130624939255518
42161-865-0x8d10bd0b7445d1791f2bde8d9649828d77157f157cb39faf1f4e09a70ed102a6,Guild Guild,0.004640878608222375
42161-865-0xab3b35780a86f5ec610e911fe359e8cbbef9278b300e61826b1d11531d10cb62,ICDevs.org,0.0035960734765283333
42161-865-0xf2ce476bc1f7c6a5388136760a4c565001ff1a556363a43759e1ed00a8018677,DAOstar,0.004762367577024008
42161-865-0x6a2b25cbf963850d48ac9fcea30fc5df74a0faa80d479e5dc0458767d7548eff,UpStore Sheild,0.0036932646515696393
42161-865-0xe955bf7fdaaa527fdb72eeaeab78fd0be4b3acc51778471a0b394b2221fcb8cf,MiniBridge,0.004859558752065315
42161-865-0x9abda3e526ac4d553d3cdf057a504a168df921ca78e232b46257b7d106112dbb,ethOS,0.00432500728933813
42161-865-0xad4375ecf83acf4c0430c4d8ebae37ef3c479f8a2a26ca82170c65a4a38b2796,AxiomPay ,0.0018466323257848197
42161-865-0x39b9fc3f64d4d9e2c2fadf87c5ffff6646067729145f81323afadfd33f4f099b,Cubane,0.0021139080571484117
42161-865-0xdc857f3edfc8293b33fed09280ab335ef62a58001f7f899b1d8089b6e49f6ea0,Acadlayer,0.0015793565944212274
42161-865-0xf43f0484bcd7afb2089b2e9da87eca40bef717a0d86dd98b696b24c9bc3e7356,TriggerX,0.004495091845660416
42161-865-0x2b1f7b2f91d848d911c41091d1addffd337b908834ae524e33286fa28e0ca683,MigaLabs,0.0031587131888424548
42161-865-0xbe150a42d3908b81d02a0db396bfcfc1eea47a0adfa43ee22eb82f02f46b9231,Militereum,0.0036932646515696393
42161-865-0xc249a45b3027e3e83196ab206e237e8b08d19b3d925cdd5ddb812c66b0aad012,Stereum - Ethereum Node Installer & Manager,0.00517543007094956
42161-865-0xccda73e2534d3366914226bdb94adf06d00c8537fdde363d0269e0610e1e8fd9,Samba,0.0037904558266109454
42161-865-0x516c5de42ab87ace201b76af95626784e60b8f3e5b38517a2fe21f327d78bae8,Monas,0.003425988920206047
42161-865-0xe084029d76ed3ac56650706b083845b0ffe786e9abb770f14c0a145381c32b2a,Opti.Domains | Scale ENS to OP,0.003960540382933231
42161-865-0x0e2afbdfcda6cd230bb043f5054debcff6b2b5dd214e4892245a73dfcee2e0da,EIPsInsight,0.004640878608222375
42161-865-0xbfa9f72968bba383dfbc1ec001c53c2cee437edbdf9a85a31439d715ca7a039d,Stakers Union,0.0042278161142968234
42161-865-0xf97940e6e0db99e0062e1d1cc390d48075445e7d6e7aa77e727b3b24c9e616d5,Resi (Resilient Stable Infrastructure) Protocol,0.0020167168821071057
42161-865-0xf56dd3fa328f36673fd27422bf169559797919b4e8dd639b341d14127219c70a,RubyScore,0.0037904558266109454
42161-865-0xbcdf771115a3b334eff3df10c10b8b65563c2f92a58922de8e8836ec1904c68d,AIxScan,0.0035960734765283333
42161-865-0x9aa1813681cbc4c7acdad3f7687ee68b6c21a055f2df0d771551ad3d0a9e9d4d,Multipass,0.003425988920206047
42161-865-0xc9131b4bf4b6f915a1905b64e47127c158248e832bf3b0ef7e9eeb0856d284fa,Superchain Eco ,0.004762367577024008
42161-865-0x6c16840b98f808a2d1d3151bd52c06e2e34c92e54724f45ae938b06a37f96bd9,corpus.core colibri stateless client,0.004495091845660416
42161-865-0x6097d6982cd9a1d364a37e615fb31ac05e6bc6bbbf30582d18c43baef75813a6,Eth Deb repository,0.0042278161142968234
42161-865-0xdc0b943e2454a497741381ee6172f90a77bc4e16ebc81ac60a5e9bc4c9438ec9,Verifereum,0.002915735251239189
42161-865-0xb0bb192634474ead9c1f62d59bd41d928bd191e2dc9915209e7cd250560f9710,ONCHAINSUPPLY,0.0026484595198755967
42161-865-0xdaf7588714a0008d7ee1fe317a87c80a6f64cb8881c016a1d87bc704eb3b115f,eth.limo,0.005005345514627274
42161-865-0xea9cfd8f69b336eb6a64f6af1de2a27285a681f82b61e172320ad7f1eb63a208,EthPillar:  1-click staking nodes by CoinCashew,0.004859558752065315
42161-865-0x89e50232d5b9a17ed8547823bb4c66730b24acb076a5812391cd060fad67eb01,Proof of Philanthropy: A Verifiable Giving Pledge for the Modern Age (GG23),0.0035960734765283333
42161-865-0xfb9c6bee53311e7ab8c57cb83859e2fcc28ba679e699a47d2d6c3fa9b8c5cd13,BlockUtils,0.003960540382933231
42161-865-0xcca3989883a39e5ceac10e7a29aba47ebeb6c6e051b78ad756553e426bf060be,IDENA,0.0036932646515696393
42161-865-0xf8e3771e90d1bdb333bd2c23db0feda10e046aa09ffc94ffd89ebcbe8089fb9f,Guardian Account Abstraction,0.0042278161142968234
42161-865-0xa69971a1d0e5b72ec73d6504b6a67ed620f837dd10ec9aaeda1d5847d29cf272,WebHash,0.004640878608222375
42161-865-0x611f1323118db9846b22e4e29d4706eae6bb84289c4746aff689c91d3d66f6c8,BrightID üîÜ Universal Proof of Uniqueness,0.00517543007094956
42161-865-0xf8eb666a7df2d28609bb67ec2c3646d46c44d8e5f78bc20e01a74e3ea6a6985f,GovGraph,0.004130624939255518
42161-865-0x8f995b13199ce3c032de50515b7bfef865bee645cefc7feac76f84b2beae2f59,Peersky Browser,0.003960540382933231
42161-865-0x9d84ffdf1483554511a0fa7d1dda1b2b1fa455fddb4733121a250a6d93a300f3,Ethereum on ARM,0.004762367577024008
42161-865-0xc96f4ae8811a648a592f431fdf1ba837d55861de660298059dab6fb81be063c0,dWeb.host | Free IPFS Pinning for all ENS domains,0.004495091845660416
42161-865-0xcc52492e46dbd2c54cdb936a81a470abfd16bf20f0733a8734a7da9c122cbf2d,Lighthouse by Sigma Prime,0.005005345514627274
42161-865-0xcf324fb6eca9c6b44ac7f613f07315bbad9cf4027c16ec150adb7d0a84054583,Vocdoni - Decentralized and anonymous voting,0.00432500728933813
42161-865-0x62b3b673127e9511afdb47e7f0ef3f0bbc944ebf8492a88f5ed1ee9a4bfe14f2,Lodestar,0.004762367577024008
42161-865-0x29731d9ec0ae453f5a75430735ab1e20bb85dceb77892469da097aec4bfca54f,Lakat üìú,0.0030615220138011483
42161-867-0x19b8fdb6bdea6cdb71a19f43c0ec0962ec08b563c57f4c2307d0b954123dd67e,Kiwi News,0.0032802021576440877
42161-867-0xf97688cfbe25a0db800f876787a2cdec20d48757862573278dfb6fa8b8a1c817,Vanna Finance,0.003425988920206047
42161-867-0x934e6136999df52189cab3723277edddf0d09b2d9b50253b184dd17fc26f6e39,SONGS | Next generation layer for the music industry,0.004130624939255518
42161-867-0xfa16d7d0c1c13c2821d3d94e8bbc9aa7f2c1219d057e1e747ea6db4bc4712fc3,Flow State (Streaming Quadratic Funding),0.004495091845660416
42161-867-0x81e93d890857abf601186b625cc9a95aa4c859e9aae814673a13125eff38a196,Eppie ‚Äî Email 2.0 ü¶Ñ,0.003960540382933231
42161-867-0xd4c3c82600252c64f47e6f4505f58bf691c42277aa2548748426e4d1bcf4b15c,TxInfo.xyz,0.0031587131888424548
42161-867-0x668333acfdfa16a6a9cac31af60d933bf92f70426a7e9ed6f7d7b8f1c2113b1b,Ecosystem Vision,0.00432500728933813
42161-867-0x3563fb1fa42e2b5732a86d015ff3990d0714db3e402bc080ae3183dc134e1f43,Remus - Fully Onchain CLOB Dex,0.004130624939255518
42161-867-0xa87f5348653ff983aab7e9fcaf3aa8164780b06087734949d751bc197b8b24ba,Zazelenimo,0.003425988920206047
42161-867-0x5a1d81860efda36bae09cb6cb491c922c0bc878ebada3a566184a27c688f5b81,Open Collective v3: bring your collective on-chain,0.004495091845660416
42161-867-0xa40bea19733bd9fad64d6c9807497041f379c12d93af17a6283e2761e20917ad,Bankless Academy,0.004300709495577803
42161-867-0x9230077b97132b6dc3e201e7428d2576d108adcc1431fc504bf0098bfab152e5,Library Protocol,0.00354747788900768
42161-867-0xe2ef022ecfa1e3108e45d82a68d66790c89da5742482c3844cd8f7c788952e63,Harvest.art,0.0037904558266109454
42161-867-0x261187889002f755d8e516197931b9f38a826f0c99f6e7136bc8186302dc1b1e,web3radio,0.0034502867139663738
42161-867-0xdee6c892d6f2e2e53004d03f76076cdc8e134139ad7e0787b95492614fa6496f,Yoki Finance,0.003644669064048986
42161-867-0xa8b46215a7052f1038521abe875eec9f53017a5237bfbd4d768350853e9bb300,SafeNotes,0.0032802021576440877
42161-867-0xe573019b9f23a496663f5944a83c8acdc99792bfc5f5ad603ee8f6cb0f46f9fe,Hydrapad,0.004057731557974537
42161-867-0x6649852db5092781fa9c7d42577609e9c45480db4c59966639df7f865471b349,Atlantis,0.003960540382933231
42161-867-0xc60c26e2662309a7141662f2109f47f4e0fd1823610be25880f6f2d0c37c3d4b,Privatefolio,0.002794246282437556
42161-867-0xe40feca037ad9a22c972a53af3cfabb51b4e46a6e52b46528e94d2c01d1383b4,Flicker Finance,0.003037224220040822
42161-867-0x9688fb4c1d28b3d8774f148917bbd9def2fc1e47ef5098f39e02482c1c1f71b0,Geodework,0.0031344153950821282
42161-867-0xae927a656f3a4b626112c12ab1255b352041ab32d5313d2c94b8b9b297ddfb98,Decentralized Cleanup Network,0.0037904558266109454
42161-867-0xf97f803c1bc6595c87c9edf48055690362d758410685f8b5ef5ed720ceead61b,Scout Game,0.0034502867139663738
42161-867-0x22300f73460f0b7ab5833795ee104f0ddca23007da71b0f60f4356f731ed9495,Wrap on Privacy,0.00354747788900768
42161-867-0xacfb69c6e3b27580e84fccd12f4913d04e16c1b972f8d3b73dd0811a8d1751aa,r/acc,0.003037224220040822
42161-867-0xf56cccf1a784ee92c517c0e28adea9af60dc3739717ec8902d6db92192489f5e,BloomersTV,0.003960540382933231
42161-867-0x6070e577df16d9e7a99f50e7cb54288f310bdad401f9d87e3ce531da71e32099,Node Speak,0.0032802021576440877
42161-867-0xafd68b3df3e20c77412b74f0650e6078d9aa7876b7f78bc9342e89db471a2869,Akashic,0.003887647001652252
42161-867-0x422d223530a73bd3855bdb50669faa5ab5501c17936e6a2f3cafb709813e3494,Animal Social Club,0.0031830109826027813
42161-867-0xaa57a0d98bf7bb5a2c13847638b14417f9d35ad84a320596d6ea48c1fd5556ac,Chainzpay,0.003037224220040822
42161-867-0x9ec9b1dae5c3a2378c7d40b56ca5a3796cd253b038376e520e2fc4a4ab57ca8e,Omnify Finance,0.004154922733015844
42161-867-0xb0afbf6ee7d24490064e25f7dece64b6b3a456f5c84d3eea8c034afdc3d0608a,Ethereum Cat Herders,0.004567985226941396
42161-867-0x81f132f2b8ef92b6f9c706b968c8e71b8175c4543dd962b20664476ca292f675,Hybrid AI,0.00354747788900768
42161-867-0x85829ea95d775a7b619d0c39d225afe4f6b84fa10ee980b78b1f2a5aec4e5c43,Spinach - liquid retro funding,0.004057731557974537
42161-867-0xdcc73b34eb197396c8493ba874c244e58e55bd641cb2bbe3855eb41e3ff100b8,The Dharma Code,0.003037224220040822
42161-867-0xe234dbf1ff2a7166c26bc5c00efe53dc9c53387fb76da35fe2d7da4ec78c9783,SpeedRun Ethereum,0.0046651764019827015
42161-867-0x739d2e516d326d012864d2feee15e552dc48c250331bb04e929a9124c3d904b0,Regen Atlas üåç,0.004300709495577803
42161-867-0x7695119411aca70de8e0db8898d230fef1b287bcf29fcda51f2a49dcf1c50b9e,Have I Been Rekt?,0.0037904558266109454
42161-867-0x0ef8265983dc88987f5fc276db1094103d7b99a686bd50087feb48553998464e,Unlock Protocol,0.004810963164544662
42161-867-0x340ba50f9b0f4547e749da399f51bcbcb1a863a10080cef67ecdf7fee6f2f579,ùïè-meme,0.0032802021576440877
42161-867-0xa6b3ac8eaefda73ea83fbce5fd4724606f0ff6e801ef4160ef82ac37001e2a11,Pheasant Network,0.00354747788900768
42161-867-0xdcc43a7782a75c8d14d62a2ee7d9f7eb2ec0f3281dfd4e9517b30233dc2d42e5,Rahat,0.004713771989503355
42161-867-0xffaf639c80ff9cf85cd76977d0c55e07c929eb7c5480d900c82e1da8465c342e,PrivID,0.003644669064048986
42161-867-0xbc987f75fde568bcbedd691aea74acbf6aa3992077e8fd42f735a17298bf3cf7,Geist,0.00354747788900768
42161-867-0x31e242a4e85e6d033f63dc6d2d97ae6245bc1a50e5560266c23ad3a1d5608a63,CARBON Copy,0.004446496258139763
42161-867-0x931a64a4f678b30b165b845b8622f729a1cdf2d2a7a4f2221a9ee8ba268f67c4,ArbiLearn,0.0029400330449995153
42161-867-0x40352ec04033c9d170d9fc69fb712cf742907ff0024961d6c54baddf89d105eb,Txcity,0.0037904558266109454
42161-867-0x5f3a823202a240075d7589bfdd6081bd7e10e7011de1ba5a2b011dcb9105e074,Fundit.Fun,0.0032802021576440877
42161-867-0x03dc19cec158e75ba2571a0246f57a7b7cd6ea1ce5eef7bd21b6ee4a2a70f8ab,B Labs,0.004057731557974537
42161-867-0x36d3ba3b788398eaa3b833ebc3d707079395657e460bc29ec1b552d4bb2016a3,Optimystics Toolkit,0.004057731557974537
42161-867-0x7c07e72e84215598739e0749e25587278a22f7ef565cd019677c9237a965fedd,Distributed Press - Archive Automator,0.0036932646515696393
42161-867-0xff0d19a8d41e62428e35da3007ed6659a53edb0fbdaebda99ab1543bc048a7f8,GrantsScope - Grantee Discovery Using LLMs,0.004567985226941396
42161-867-0x15524d92e001464560374928cc41ddc573d4c1975b234d880a99441ddaa76dbd,zkCodex,0.004300709495577803
42161-867-0xfd061a146da1309cf6e7fb5cdd4aaab61b298ecc23d7750ab1ac21ac9b817560,WashikaDAO,0.0034502867139663738
42161-867-0x5a35dc4ee0fd8cf69eb9f227b626c0c093c3efc5a6f1b518a3792d5e8b721860,√ÜRTH - Planetary AI,0.003037224220040822
42161-867-0x59add21292d6c822dee542c9c64f45c2d14626e800ab34e2b5779338cbd74d1b,IRONBALL.xyz,0.003960540382933231
42161-867-0xc58063d70053f30766c3883f041d29bfe92aaccb12218d15d58e3953024aff8e,Open Source Collective,0.0025269705510739637
42161-867-0xfd3c441151a0267402323d878d8d1c37def65e0948e1d7e292cc7aea2d92818c,Grant Ships,0.0047866653707843345
42161-867-0x04ab372485d7230970a802702561eef7427eea13883960bd2812040b0bad0f2a,Cosmic Capsule: Blockchain-Powered Digital Time Capsules,0.002794246282437556
42161-867-0x04eceede743d19c498a90952e9903e9ee46f3dc77766bcc85d1eb9b3e7ce7a5e,Unitap,0.004446496258139763
42161-867-0x0e746fd798da04d3ee071831372a81f18723996b41b48dc342737125460ffac6,Rankify: Meritocratic Autonomous Governance,0.00354747788900768
42161-867-0xde56659bf150be86cdc0caea3cf718b7029085b5820447e54f0577f9276e5b81,Dapp Rank,0.0034502867139663738
42161-867-0xc102c4d1950b6c73cd589a79814dd9beac9edc6269103433b6a727d93d57213b,Event Horizon,0.0046651764019827015
42161-867-0x32904b351f232304f2e7816aca7d7a355f58beed975b6a2d3f09fece0847d20f,eth.cd: decentralised interaction with decentralized identities (ENS). ,0.004300709495577803
42161-867-0xb30e9a03fe9391b289331bc8d4f3ad6aa31db301447025f92b8275bc88d447f9,VoiceDeck: A Marketplace for Impact Certificates,0.0029400330449995153
42161-867-0x10419179fb9a6002b61fe6db8637bb4e43e579960a16ac298ec7aeef74d783aa,Pollination Station,0.004203518320536497
42161-867-0xe03eb1aef3e2dc29d5f3549b4faa6327d2606faaee17529ea68e727b675a2036,Creova,0.0037904558266109454
42161-867-0xe7a4b12065345225c76308d0f7b267fe7628904e0a3f60f252e6f94cba6e37c2,Helpers Foundation Web3 Impact Project,0.004057731557974537
42161-867-0x85bb0ff17f21531b6276fa3bec18654ec302cdf5a33b6d7b72a98f684e5a1fe9,Decentraclasses,0.00354747788900768
42161-867-0x50e981de1e62aaa755ff0046cbd6befac3a296595ecda10f847c143ed6f2543f,Using ZK for game optimization in Dark Forest,0.003960540382933231
42161-867-0x06ad6c10167e7feb66e1699a7c1887e9a75505a98289afa40e4a49f7ccb6cf6e,Sweetspot by Handprotocol,0.004154922733015844
42161-867-0xc255bd4a7e7b6d0bd6dc24a086298353d3db49343459c0c416449207a3795783,Trustless On-chain Autonomous Delegate (TOAD),0.0037904558266109454
42161-867-0x233b3b3a4e2e0f114c2fb5412e810d9fcab0138b4b3087f268628a62c5b3e5c0,Web3Privacy Now,0.004616580814462049
42161-867-0x706bc44d0c033d10c977ac4a6193e7838b8a795ea0d62cdb8eb0aedb5feaa70c,Karma GAP,0.004713771989503355
42161-867-0x9188b3a42cad446c5df34508271ab52828102e9cc85452b41709e58756dd3847,Collabberry,0.004057731557974537
42161-867-0x90e3363341cf14eb5e5c29627f4a8fb62933ef9834e8ca33027af2aeb8323ea0,Ether Guild,0.0034502867139663738
42161-867-0x82065b1ab5c0dd7ed2c8aa484ab46405d98a39f2ff18448aa9db1f65ffe704f8,Doogly,0.004349305083098456
42161-867-0x7af48f1f1acdc33c9337943ad37efab210fda912cf8806714e28de883a3cb41a,Closer - Digital access to co-owned villages,0.004057731557974537
42161-867-0x5292ddf8854afaefc8d9fc16b620483f263b34506832f09ef76a9e03468ebad3,SignalMind: A Public Cognitive Tool,0.0034745845077267003
42161-867-0x53c004c04e96f375f4ff0dc8616c9d956138415c0299b77d58eac38a3ae4ee6e,Metakraft,0.003766158032850619
42161-867-0x9c63882d17d281e74a086bbb834241300e3e5458ff4e44e59a2b3a6e12cdfe8c,The Ethernaut,0.004640878608222375
42161-867-0x5d0a6878dbad1b32495b9ad7ab8da32819e953c98002587641788e13a3be8891,DeVouch,0.004057731557974537
42161-867-0xa018fb58a9580407f1abd5c5ed6f43ad3f0c41b89eff7694d46d94082832516b,ChainCraft,0.0034745845077267003
42161-867-0xba1a48507d1c998eeee6bcac441efbc07538646e87aedfaf5277b9eec78c7323,$EARTH ,0.004349305083098456
42161-867-0x37c6ed16080af764df00450c4857e0d0302f9b3a4be55c430682082703966f5e,Commit,0.0034745845077267003
42161-867-0x4f354435756ee1c1ea18402a559874cd2bb918ad795b7e361e1257425e57a7de,Greenpill Dev Guild,0.003766158032850619
42161-867-0x271d16ec14433ccff66237a1d6d35a866174139e14112122da6e2f66b39d5acc,CharmVerse,0.004057731557974537
42161-867-0x0b65fc24c0ebe9508268f2858d50ec4600e6496af44b458deb7c8142db75d26f,Liker Land - decentralized ebookstore ,0.003766158032850619
42161-867-0xd9b1d85b459118b33c83e4e40a5b3500b691600ff98bc79c49a2377b51d66ba9,Kapan Finance,0.0034745845077267003
42161-867-0xdebe51a2b4727f5eb6fab0c707a4f6507e542a8bdcd031eb10c7035799ed0ba0,IusNaturalis,0.0034745845077267003
42161-867-0x216cc27aa429f7f75f91798ebe674d61f95c17ac3ba832b87f1f5202144db72d,Ancient Beast,0.0034745845077267003
42161-867-0xa8591b322f8e25b13a3b53190920695c48ccd1d8a32657113b90ed6aca1d1841,Smart Disperse,0.003766158032850619
42161-867-0x7db138952e569707526b028c218f0ba4d41189f90a97f544b16e7a989e1b0fb1,ggframe,0.003766158032850619
42161-867-0xd4d3ca125f724ca79fd4de4852dc183a1435dcf22912a9cbd219a7b0aab7c6d6,NFT.Storage,0.004640878608222375
42161-867-0x3c24142776b074f3c4fb7d9bb3155005f38cfb11b836e919bf27966c9ecb0c90,Utopia ‚Äì Collaborative Maps for Real-Life Impact,0.0032073087763631078
42161-867-0x6d99b01618dc3f80cbd2c2f086fb78340d7d6dd944e62acfd5b276a2af23c976,Noblocks,0.004057731557974537
42161-867-0xd6e031d8485b1c9a56e742636178c5fccab387bc01008edf73d0f7e97ff5e2ac,ScoreFront,0.004349305083098456
42161-867-0xdce9247fb94e7db0ec152d6c7e6db5db7ba3d8bcfc0874694ac3c41a86c48a27,Public Nouns Operations,0.004057731557974537
42161-867-0x8f740037a18645af9890aa8f0a70b50ac2a41f603cac518210af440beca6808b,OpenLitterMap: Real-Time In-World Open Source Gamification System,0.004349305083098456
42161-867-0xafa569b3df50c6c51374bf2b214eb7c948cf3dce2a65c3f627bce0a2603cec72,Stogram,0.003766158032850619
42161-867-0x2651563802989f9bc6de16ab5a173d5ad755c0a22f14d8916a31eebcf268afdd,Beepo,0.003766158032850619
42161-867-0xe803a0adb8458416228b48b035e3d18b18c00e8f0714379245649e0986354ce4,Ethring,0.0028914374574788627
42161-867-0xd77bec3500a1b3e54ead391aeaad9a664f92643beaa8a50d4302bd67ef7949cf,Plebbit,0.003766158032850619
42161-867-0xedff41531fa841bfa0bed54f91d3a88605f3cd84f56094924f349d60222ce507,AFK - Aligned Fam Kernel,0.0032073087763631078
42161-867-0xa0d1c54b1f3922ac6e21fb5f3cb157f96ebdfd6001945952f2c2de1e813a6636,SandBlox,0.0034745845077267003
42161-867-0x2f1057fe56bbfce069299a5f08b25a68ca258b07662c590e3a9122fd4bf8998e,VineFinance,0.0034745845077267003
42161-867-0x65448704f2398e9319fa7da4ebf95b9336bea8f50630d5ce2adc7ed28e25288f,Byte Onchain,0.003766158032850619
42161-867-0x599ec45186924f2496fc8a26dc827112aa2b62a43bfb25e3b42f869e8b5e300f,The DeSci Journals (version 4),0.003766158032850619
42161-867-0xb157eff864d49ee0f3650afcc85d037fb59234e9eccf000db479a2c82aac31bd,Sponsors ü´∂üèΩ,0.003766158032850619
42161-867-0xf770c31a9c4eda18ca1db9bb19db2666ae92bbcf8d212d11da6ae271130120e2,DeepDrop,0.0032073087763631078
42161-867-0xd7033fea1278ec2f1cbf72d03ff236f302421794300923428fdf85fb3908c8c6,Anu Initiative (ReFi),0.003766158032850619
42161-867-0xa73b59fdeceb5e6e1218df3da5dcd2cd01e4fdc2ff52f0a15a0f1afbb2f619bf,nounspace,0.003766158032850619
42161-867-0xeff81a9b1ca1db940b74d9b8876c8d8cd62f69f0f1263c28399f4a0120cacf56,Harmonica: AI-powered facilitation of group sensemaking,0.004349305083098456
42161-867-0xdc12f02d7f371b45e80142d9d64687d8857653398ca7dc0354c5a179b182dab5,Learn through games,0.0034745845077267003
42161-867-0xa26947c84eca0f2623ea98855bed3860478aa2a7c1e89a309189d46d3600fd3b,poster.fun,0.0034745845077267003
42161-867-0xf1bd30c859b2f0effeed2b6728a4071f294368614de748404fedd2cf3c68a1b1,All Weather Protocol,0.0034745845077267003
42161-867-0xe3c5497e3073669d3788a015ce9e89fd2ba14028af892c613b7dad8e742d7b46,Gardens üå±,0.004057731557974537
42161-867-0x1f968f0366be7bd577843addba6d7e72a56cdbc4f75e0f7ccfaaeaf00ef60d35,Hyperstaker,0.0034745845077267003
42161-867-0x57a057ee120b26cea127ff7e335a8f857dddf13d694be376adf7a6daf8753c13,April ,0.0032073087763631078
42161-867-0xae22739594e490cb7b044c4be01411a73e0c6b730c8edcf74a897478d06f8f5d,AsteriskDAO,0.003766158032850619
42161-867-0x4baeb225e52cabb4235d50429348969aff5da3370235a2c87f6b956b8e33b3c5,Pond,0.004057731557974537
42161-867-0xe728c3a26d5154476ce35ffdfd47afab7307da93e1ba0194feab18db8efd8138,Semicolon Fingers,0.0032073087763631078
42161-867-0xe900bcc473a3ed4d8a74a13bde447312e89f9ca4873005daaf76b6534ad8f690,RenAIssance Art,0.0034745845077267003
42161-867-0xf962fb7679660f96e137e9ae12b0962bf6079d40ff18befecf9246ab2111bc30,Bloom Network,0.004057731557974537
42161-867-0x02659b7ed4be0e12fb80898109149fda17d9c337756b25831aff4f5c8c2cdf40,Dopot,0.0034745845077267003
42161-867-0x1eb6bbad0896e16d57cca476cb0a37f0adf1dede385378d8f65224a09bc8fa51,Breadchain Cooperative,0.003766158032850619
42161-867-0x4a16bd8a8366c8491b91558d249d192d696702e3037a63238c6acf648b69051e,Toban -ÂΩìÁï™-,0.003766158032850619
42161-867-0x4520f6b610af56dd9fb1aa85b560c5d460412285032dfbb90a47656ebc08d0b1,Kolektivo Network,0.003766158032850619
42161-867-0x55ca8882dd91df64f677b46d597ea50490be1652c8d41044f5d34bc1258e955b,RealtyHub,0.0034745845077267003
42161-867-0xc313a8cea83983edd81609810cba8f3828b2903438afceebba54438c5c3e15f4,ShiftCTRL,0.0032073087763631078
42161-867-0xdbffe6eafcb836ed7fb9b2b0dd8e6dbfef147ab447341cad1ad32b25e5d46b4d,GiveStation,0.003766158032850619
42161-867-0x183f13028588a3e6082d6642b52d4829823720efd1e5bc973856c406f1299b66,Silvi,0.003766158032850619
42161-867-0xd089724cd73c932413bce5c797aee7d2fbcd1ad282f24cff790977e77908fdca,Treegens DAOüå≥,0.004956749927106621
42161-867-0x9a9cda60bcd1b566669a6e03d79dcea4be966ebdef25dc9754cbd4170e99c61f,LunCo: Metaverse for Space Engineers,0.003766158032850619
42161-867-0x47a93a3ee50628003c7b572bcc975f6463391020e302b4a03d92463617755b27,Regen Bazaar,0.003766158032850619
42161-867-0x8636eeeb1f17504d85d24237b621cf43cbcce8d97e6fbcdc4b2b382bdee2cad6,Impersonator,0.0034745845077267003
42161-867-0x9d8a7504b0b9f0f0cb9284796a85fdc8164164117e22f1cd087f252c3ae993c1,rolod0x,0.003766158032850619
42161-867-0x4e9a6efc02fca23d8b644389931e3ebd48ed3468a85b0ff5d6d96ab52e147d78,Chora Club,0.0034745845077267003
42161-867-0xdcee75dfe2ab53f2050228e6870f174b3dc6d5a6c0b661640edeabc7c8a35cf4,Web3 Certifier,0.0034745845077267003
42161-867-0x62f25a11c2ae5a2af563cc5b1f772b3aebe1bd4a0a82e41a78e61e1db972ad7e,GainForest,0.004956749927106621
42161-867-0xd993e71328794455c2370f9e7731083cffd518a86ed5333cddceeaa346274fca,DappLearning Rewards,0.0034745845077267003
42161-867-0x6a94cd9f978dd077f96eb4fa87b83dcb70d222584ba4beb348fbd80a05c39b07,MemeCatLandar - AI Meme Calendar,0.0028914374574788627
42161-863-0x4a960782a3b8681844dfecd31dee6fcbbb06028493240b524e8fa1dab18b2b64,Web3GPT,0.003960540382933231
42161-863-0x2fd12cb88cba8d832aaca4cfb55962a2adc78491132d388586b3f58afb1264e3,Open Source Observer,0.003717562445329966
42161-863-0x4223c86fdf4a454546dcde3dc8a2c96f7a5218e0ba1fb0c1a3393887a4b88391,EAS Pulse,0.0034745845077267003
42161-863-0x20dfd9a36a5713f967bbb578fc16de3a4fd97195c929ae5819929642de17d09b,web3.py,0.004713771989503355
42161-863-0x5dc6ba820b4b333439d4bb4bebec2d55ceb6edc7f422cc22325184d3ee2c1a46,rekt.news - The dark web of DeFi journalism,0.004203518320536497
42161-863-0xb53b487d661f2efa3ddc77ce0f287d6b5e62b1e24aafda7fe8605d5fbc00e84b,Lighthouse,0.004470794051900089
42161-863-0x1249835eaab22b2d2fd7f34556a20cae9cfd902f56c54789730081e6996ed012,Astral,0.003717562445329966
42161-863-0x4e3274ad612859bee5b459a1bae8ec04f25c5d85df8eb430923bbd391f36e313,PLUME: Enabling Private Voting on Ethereum via ERC 7524,0.004203518320536497
42161-863-0x3cc8662636a42846fa8f2c73b7c5dcca7c51610cd36aaa18b56fddc7d1d9a5f9,Scaffold-ETH-Mobile,0.0034745845077267003
42161-863-0x04cfd34e562c238934ab8aaad2aa2b649b57a4897ff1fa4da1ea1af9455173d9,OpenZeppelin Contracts Library,0.004981047720866948
42161-863-0xa7aa25151d839694c2fa6150ae5b65faf3bb66c1da14149916a9bb8a43c6e4b5,EdgeOS,0.003960540382933231
42161-863-0x370f4bde94273ecff1215d723021ff5374c4ca4b92ceadbaf21166d4163ee732,Etherplay Open Source Game Studio,0.004203518320536497
42161-863-0x2175520421f3304bd3ffe4ba97f6d8c61de9210dc6da0b596c243119874ad791,SuperUI,0.0032316065701234343
42161-863-0x7bd8f08d99d1dfbd44e49fc8d3adbaba5f3d6d1d94ba5ad0ff3b2ec951b5c9a1,Otterscan,0.003960540382933231
42161-863-0xcd87bca91e6e004a7dcb8ce25ff8173a3b744f7d795112b3d25f42ce50c0aa03,Chews Protocol,0.0034745845077267003
42161-863-0x5f61bac522130fcc98305a95ab4379445f2f13c27632b67c3fe437835f2740f3,Scaffold-ETH2,0.004470794051900089
42161-863-0x7188748a141f5d82a01c699bcc1ea8e005c4712844a4abf43e4b12368ac3721c,The Wizard,0.003717562445329966
42161-863-0xfea413dfe93e444462785e29ac6d024133219ed459163edede986adb84ed2711,DeFiScan,0.003717562445329966
42161-863-0x2b9be3c545fd71f47c0bc1c17c04baeb8f3d4c350b777b1aeff5a093216e47a3,blocksmith.js,0.0029643308387598422
42161-863-0x4c8d716d67653b5aa14300221f05e19c96cde76fcf628fbf6fb92bb014839e64,Swiss-Knife.xyz,0.0034745845077267003
42161-863-0x2599d2f2c4c9ffc25fa8d11bcd14a8a9de37b072911ffd7cf3ce515e479375f2,Loop Decoder,0.0032316065701234343
42161-863-0x5876a29572047b39be601fcd3d6ae177504d5a19fd5601c8d23b6cc3560501cb,ABI Ninja,0.003717562445329966
42161-863-0x5ab014eb31f6c66475d6f20be8a1855eea5d95b7699e1012c3d3dc4a92a58954,LEXON,0.0032316065701234343
42161-863-0xb41886ba1efb90342778b99e54257c26a58a723ac6820b1578a359824452044f,OrbitDB,0.003960540382933231
42161-863-0x064a5bb8450ea5cbd1615369bfaa4cfd62159f9cf9c087c5d23bb6d2a9ac0354,Bonadocs,0.003960540382933231
42161-863-0xa7b8948d5c8b8d2cd502cd9c8638dda011ecfbfc10abe0df58a504e4802f5d6d,Human Passport (formerly Gitcoin Passport),0.004738069783263682
42161-863-0x9dd138d22b68c074ec450b2560a00d89887058e886e433bb527fa6fce3f9b352,dDevKit,0.0032316065701234343
42161-863-0xbe25f387e9a599ccf2cb0525a5e69be8704ac8e610fe7b26f32023c390fcc5c4,Iggy - Web3 Social Framework,0.0034745845077267003
42161-863-0x05a5d1739241a3665c57ff73c8222fcf4dcec7f4fdf02877b237bc42150152b0,EVM Tools | Toolkit for Web3 & Zk Dapps,0.0032316065701234343
42161-863-0xe81bec1db1a71473aaa482d44f142bdfc6717e36db537372040c8db414e90e78,variance,0.003717562445329966
42161-863-0x5103b62b44ea110b8f907fa57c2684a8a03962da5414f18dd63f680f861c57cb,Ethaccount,0.003717562445329966
42161-863-0x0685571a364d43f0c52de722141375d8d38e95c5354c564ac7f673d54e884f9a,Ape Framework,0.004470794051900089
42161-863-0x15efcb2d16f0f0233f51f59cffb576fa301cf5db6be97b890297196b13995f0b,growthepie ü•ßüìè,0.004203518320536497
42161-863-0x51e6a19e11caa5b107e61215a94d646a1d6209e0ecb4b9c4507e568040401142,Nexth - A Next.js + Ethereum starter kit,0.003960540382933231
42161-863-0x38ce30d5d7ee704ec6d1530711cce12a295d5608642f4640dd8d0c072d11a3fa,EVM Explorer,0.003717562445329966
42161-863-0x6daf251d0d575422d5f222052060b59acf2bad92148e1261ad1dbfcc474ab06c,Builders Garden,0.0029643308387598422
42161-863-0xf42c345d1a3ae64d5953ebf95fe1f294509df92cd4be45675db90febb70ad8f2,Token Engineering Commons,0.004470794051900089
42220-35-0x90c71978c9240bd6abc88730bdc865578b17295e933af7ed8fda6ae1416ed812,Redemption Hill at GG23,0.003717562445329966
42220-35-0x52b8063f9071477d3fad78a8fe1b1b2b30c07673d0190d0745f029ce3c8bdc1a,Bees & Trees Uganda,0.003960540382933231
42220-35-0x30f6d58c3ceb42c8d1733a82881ec748795c18057927411e07cf25c4ab8ae9b0,Kendir Regenerative Hemp Cultivation,0.0034745845077267003
42220-35-0x3236e24c5fc77d1fd620fb39ccb1aa3694dd0a5fa3559f8f9470371ca03db1d2,Blue Carbon Tanzania: Go Green, Save the Mangroves,0.004203518320536497
42220-35-0x3617ab75176a62943a4e2a8f579dcf04406b30bded006837fc2babdb785538e4,Project OSISI ,0.003717562445329966
42220-35-0xd0406d1ba15a5b3025f3fb67b2559452801b1d1b0aa40747e4372e96b9db6868,Project Mocha,0.004203518320536497
42220-35-0x02e06e1c7461120c0292a556bdd5d745e6efe27407d5d7a47ea06081cab6015d,Science-Based Assessment of Mangrove Restoration Potential in Capalonga,0.0034745845077267003
42220-35-0x9a9bf18e75f74712afef59bb5acf4d042dc099b9b68145a2e1c4f77ae7660701,Kokonut Network; Perpetual Value Ecosystem,0.003717562445329966
42220-35-0x15c5e4db5530e05216abc9484025e2f1c4fb55b8525d29ef38fde237e767e324,ReFi DAO - A Network Society to Regenerate Earth. ‚ú® üå±,0.0032316065701234343
42220-35-0x8b2bc76c12a7558ad45cb6f594739ecf1147fa5f56f07d7bda177d7a3ac3bfa1,Climatica Foundation,0.003717562445329966
42220-35-0xa2df7f2de3689a2403dae626dd825afd7082cc3a0e4f22537a0171f24a403566,Hofi Kolektivo - Agroforestry in Curacao,0.003717562445329966
42220-35-0xa2eee543241bf4b471ef9f465e9bf68ccf538da218be2ea1413919cbe242fdd1,Green Planet Conservation Initiative,0.0034745845077267003
42220-35-0x7a4a7a84be7921800b40670d1ca567e7b4a68b29eaedaca8c6c944c637dbbdb8,GREEN AMBASSADORS CLUB,0.003960540382933231
42220-35-0x61963f0a29a6777b0e0aa88898ec93a7c990aea972ca1efb6dc960d3f8cae7d7,Adopt A Tree In Kenyaüå±,0.003717562445329966
42220-35-0x6e7dc5411f46e86739b47170a28d6629716c47dfe4f33cb6b7eb1a2a07ce0b29,Greeening Nigeria: Clean Water & Tree Planting,0.003960540382933231
42220-35-0x5b51aef0bba17870d95c3194f5a3b662961dfe8d647a054fd027c331b7000d49,Ginakev Farms,0.0034745845077267003
42220-35-0x9b84d0288124e2df53b770de5f1b9ac98582d8e7508c9e3793c9651192a9d994,Conservation of the Axolotl and Restoration of the Xochimilco Wetland.,0.003960540382933231
42220-35-0x70f1e6ccfd86ad8d584f0ea2f88da3ee24d336d0b55572ef4efef40d0fec4e41,Refi Uganda:- Community led Mangrove Reforestation in Northern Uganda,0.004203518320536497
42220-35-0xf86d2dfd8eea6b46de47deea4e2df44ef54855a29b949bc9185de352d1c8c0f0,Ayowecca Uganda: Regenerative Agricultural Practices and Climate Education in Uganda,0.0034745845077267003
42220-35-0x99b35eea2ca14ad7e94e86d8a877a49921fd8b0bc30acda8b45fa58c3ffeb212,Soralo Women Led Grass seedbanks,0.003960540382933231
42220-35-0x5e584b14b7e3ebc4f0f67a42a2f140b9d75103e9b0d6225e76077084277b3b83,Oceanus Conservation: Integrating Local Knowledge and Technology for Mangrove Conservation in Barangay Tumanan (December 2024),0.003717562445329966
42220-35-0xddbf7e3d83f6058265ad87742473a43c152022e50eff663195c9249e30f353f5,Pandu Alam Lestari Foundation,0.003717562445329966
42220-35-0xdb9acf295d07e3763e72e5779b874f10ca8aa2c12408ef4ee5263dc271c9a862,Ecovillage Network Ukraine,0.003717562445329966
42220-35-0x8ac80bedf4735418759c1b05a29222146cf3b3571a003cda5a8d96355153c985,Rio Sagrado AI Avatar,0.004203518320536497
42220-35-0x4cc4bb584117785c6a1baea2e5e33ce34e65a2b46346567ef3eadfb2b17e518d,Grassroots Economics Commitment Pooling,0.004470794051900089
42220-35-0x6717da71311b0c51faaecaf5f803dcd2b22c78d8b62fe0d605897f7baf7a3800,GreenPill Taiwan - Green Sofa,0.003960540382933231
42220-35-0x86091a78efc693a898965af8e7bb734618325a93fd0ff20e4bce0ad6e537d454,Fork Forest,0.0034745845077267003
42220-35-0xc5ac09d223280b3c8fa091947ddad8a2635ae47b219a3ee44c758af8dfc29174,The Solar Foundation | Solar Lanterns for Energy Access in East & West Africa,0.0029643308387598422
42220-35-0xc4ee230a86b6f03acf97da5eb93f210b2e4018725875678b121f234c83054871,Greenpill Kenya Nature Stewards,0.003717562445329966